# Source: UPATRAS dataset DOI 10.17632/42v3s74gf9.1, CC BY 4.0
# State: Unbalance 3g; measurement sequence 01; rotating speed 35.0 Hz
sensor
-0.1275404942368
-0.0835082580816
-0.0371931555528
-0.0413332691456
-0.0282551533104
-0.0350650597808
-0.0332851978624
-0.0141710285648
-0.0340590508704
0.1021390785376
0.2069187758208
0.0636011987392
-0.0520511333064
0.0086189425208
0.0670448446248
-0.1249867793104
-0.0824248638704
0.1701607579408
0.1222592567456
0.000803027140000002
-0.0446995297304
-0.055881705696
-0.1449134942664
-0.1511817036312
-0.0687276656288
0.0465764325632
0.1116187778856
0.0353942565976
-0.0432292090152
-0.125721939668
-0.096315525364
-0.0606795943456
-0.0542566143792
-0.0288742357168
-0.0439643693728
-0.0377348526584
-0.0145192624184
-0.0346394406264
0.0481241385792
0.2079247847312
0.1233813436072
-0.0354519862848
-0.0356454495368
0.0648780562024
-0.043886984072
-0.1544705789152
0.112624786796
0.19716822792
0.040656457052
-0.0565394807528
-0.0715135364576
-0.1105544207112
-0.1507947771272
-0.093607039836
0.023438227624
0.1257415952816
0.036013339004
-0.0352198303824
-0.1047892158016
-0.1298233606104
-0.0517028994528
-0.0621112224104
-0.0226447190024
-0.00438178801359999
-0.0405207234872
-0.0418362736008
-0.0676055787672
-0.0111530018336
0.1717858492576
0.1879593771248
0.0459960428072
-0.0132424049552
0.0189498801776
-0.0518576700544
-0.1645693606696
0.0464990472624
0.2137286822912
0.0717266553232
-0.040985035292
-0.017962908304
-0.0884609173328
-0.1735847482128
-0.1110961178168
-0.0294159328224
0.0668513813728
0.062904731032
0.03175714746
-0.0389730174712
-0.1177512536856
-0.0917497926168
-0.103473665688
-0.0729838571728
-0.0175372891496
0.00769031891120001
0.0138811429752
-0.0413332691456
-0.0760405765544
0.081477203224
0.1924090319208
0.0793104148016
0.0177117153648
0.0401534525968
-0.024734122124
-0.1634085811576
-0.0157574272312
0.1641247044784
0.0889061921008
-0.0215613247912
0.0030858935136
0.00130603159520001
-0.1675486947504
-0.1389935187552
-0.07174569236
0.00517529663520001
0.0684377800392
0.038721824532
0.0276170338672
-0.0867584407152
-0.1116765075728
-0.0827344050736
-0.0893895409424
-0.0751893382456
-0.0275199929528
0.02788788242
0.0017316507496
-0.0570811778584
0.01241082226
0.1674909650632
0.1413347333928
0.00788378216320001
0.000532178587200005
0.0496718445952
-0.1087745587928
-0.1244837748552
0.12171755964
0.1760033481512
0.0226256819656
-0.0654000976944
-0.0058908013792
-0.100184790404
-0.1652658283768
-0.0844368816912
2.91741320000011e-05
0.0581455350328
0.0365550361096
0.0214262098032
-0.0683020464744
-0.1049826790536
-0.0913628661128
-0.0923301823728
-0.057622874964
-0.0351037524312
0.01724740356
0.024212080632
-0.0534440687208
-0.063426772524
0.1165327444864
0.1979807735784
0.0674704637792
0.0019251140016
0.0393409069384
-0.0626142268656
-0.154741427468
0.0452221897992
0.1665623414536
0.0429393234256
-0.043306594316
0.0167443991048
-0.02821646066
-0.1407346880232
-0.128430425196
-0.069424133336
0.0218518289576
0.027500955916
0.0517225550664
0.0144228400808
-0.0577389529152
-0.0728677792216
-0.1562504408336
-0.1136498327432
-0.0736029395792
0.0088510984232
0.0678186976328
-0.038663476268
-0.0510838170464
0.065806679812
0.1680326621688
0.095019630864
0.0210392832992
0.033885243232
-0.0478723270632
-0.13268661674
0.0203815082424
0.1703155285424
0.0526898713264
-0.0650518638408
0.00142210954640001
0.0229352231688
-0.1012681846152
-0.1240968483512
-0.0702366789944
-0.0269782958472
-0.0122750886952
0.0379866641744
0.0514130138632
-0.03595499074
-0.0503099640384
-0.121272284872
-0.1429014764456
-0.0837791066344
-0.0230703381568
0.052457715424
-0.0127007078496
-0.084127340488
0.0241346953312
0.1741074082816
0.147254708904
0.04723420762
0.0349686374432
-0.0103791488256
-0.1848443094792
-0.0778978237736
0.192912036376
0.1454361543352
-0.0348715965288
-0.0467502402016
0.021697058356
-0.0946517413968
-0.1337313183008
-0.0758858059528
-0.013900180012
0.0056783010904
-0.00163460983519999
0.0572169114232
-0.0161056610848
-0.0544500776312
-0.1107478839632
-0.1370975788856
-0.077936516424
-0.0552626232896
0.0363615728576
0.0368258846624
-0.077162663416
-0.06787642732
0.1281405396064
0.184980043044
0.0929689203928
0.029435588436
0.00803855276480001
-0.1036284362896
-0.1541997303624
0.0972638045872
0.1809947000528
0.0297451296392
-0.0662513360032
0.0125655928616
-0.016802128792
-0.1394191379096
-0.1044022892976
-0.051818977404
0.002157269904
-0.0116946989392
0.0477759047256
0.0399986819952
-0.0409076499912
-0.0854428906016
-0.1628281914016
-0.1029706612328
-0.053753609924
0.0052139892856
0.0378705862232
-0.0492265698272
-0.0759631912536
0.0509487020584
0.1946145129936
0.1576243392112
0.0494396886928
-0.0098761443704
-0.109277563248
-0.1422823940392
0.0516064771152
0.17878921898
0.0564430584152
-0.0550304673872
0.014151991528
-0.0065098837856
-0.1122182046784
-0.0970119930712
-0.0759631912536
-0.0506195052416
-0.0121977033944
0.0571782187728
0.0523416374728
-0.0122363960448
-0.057816338216
-0.1790017192688
-0.1563278261344
-0.0526702157128
0.0348912521424
0.0769501631272
-0.0447382223808
-0.1245998528064
-0.0273265297008
0.15363899622
0.1888880007344
0.1247742790216
0.0665031475192
-0.0930653427304
-0.2018303830048
-0.0231477234576
0.160797136544
0.0859655506704
-0.034600747976
0.0200719670392
0.0560561319112
-0.090705091056
-0.1267666412288
-0.0850559640976
-0.0776269752208
-0.0428035898608
0.0397278334424
0.1088715997072
0.00900586902480001
-0.0419136589016
-0.1320675343336
-0.1982319665176
-0.1213883628232
-0.0221804071976
0.1187382255592
0.023244764372
-0.1074977013296
-0.0736029395792
0.0850756197112
0.191170867108
0.1079429760976
0.0777627087856
0.0298612075904
-0.1654205989784
-0.1511817036312
0.1217562522904
0.1748812612896
-0.018930224564
-0.0730612424736
0.0720361965264
0.0050205260336
-0.1393417526088
-0.1042862113464
-0.049110491876
-0.0571585631592
-0.0441965252752
0.0765245439728
0.0600801675528
0.0142680694792
-0.0871453672192
-0.2007082961432
-0.1347373272112
-0.0888865364872
0.0428619381248
0.0825219047848
-0.0453959974376
-0.0932588059824
0.0238638467784
0.1763128893544
0.1538711521224
0.0650715194544
0.0341173991344
-0.104827908452
-0.1793886457728
0.0579907644312
0.1826197913696
0.0263788690544
-0.0759244986032
0.0305576752976
0.04336494258
-0.0735255542784
-0.118370336092
-0.0884609173328
-0.0549530820864
-0.0711266099536
0.0469633590672
0.0959482544736
0.0531928757816
-0.0395147145768
-0.2308111781544
-0.1880944921128
-0.0832374095288
0.0268431808592
0.1032224727488
-0.0178855230032
-0.0996430932984
-0.0356454495368
0.0988115106032
0.1775897468176
0.13139072224
0.0543536552936
-0.0670251890112
-0.170218487628
-0.012352473996
0.1689999784288
0.0646459003
-0.0999139418512
-0.003646627656
0.0819028223784
-0.0311957947408
-0.0855202759024
-0.0874936010728
-0.0927944941776
-0.0938391957384
-0.00144114658319999
0.0959095618232
0.0575264526264
0.0179438712672
-0.1283917325456
-0.230192095748
-0.1331122358944
-0.01854329806
0.0790395662488
0.0188338022264
-0.0880352981784
-0.0426875119096
0.0884805729464
0.168342203372
0.1277923057528
0.0749381453064
-0.026088364888
-0.1967616458024
-0.085868509756
0.1759259628504
0.1688839004776
-0.0538696878752
-0.0915176367144
0.03852836128
-0.0238054985144
-0.0654774829952
-0.0407528793896
-0.0648584005888
-0.0921754117712
-0.0462859283968
0.042978016076
0.0439066396856
0.0479306753272
-0.0579324161672
-0.1912285967952
-0.1780730956592
-0.0930653427304
0.0815158958744
0.075866768916
-0.080258075448
-0.0960833694616
0.030209441444
0.1479511766112
0.1464421632456
0.1154106576248
0.062517804528
-0.1414311557304
-0.199044512176
0.0603510161056
0.1951175174488
0.0507552388064
-0.0996430932984
0.0142293768288
0.046847281116
-0.076969200164
-0.0721713115144
-0.0657096388976
-0.102506349428
-0.0696562892384
0.042591089572
0.066967459324
0.0623630339264
-0.0200523114256
-0.1961038707456
-0.2006309108424
-0.1199567347584
0.0529994125296
0.1114253146336
-0.0524380598104
-0.1030093538832
-0.03305304196
0.1154880429256
0.1742234862328
0.1258576732328
0.0978828869936
-0.099410937396
-0.224194734936
0.0130299046664
0.2095885686984
0.0759054615664
-0.125141549912
-0.0072450441432
0.0769114704768
-0.0452025341856
-0.0775882825704
-0.0486074874208
-0.0856363538536
-0.1208466657176
0.0109018088944
0.0557078980576
0.0668900740232
0.0375997376704
-0.1618608751416
-0.1978450400136
-0.1266505632776
-0.003840090908
0.0989662812048
-0.0180016009544
-0.1332283138456
-0.0480270976648
0.0966060295304
0.1768158938096
0.1622287646088
0.0991984371072
-0.0481818682664
-0.2573543363288
-0.082579634472
0.2044811388456
0.1638151632752
-0.0631172313208
-0.0695015186368
0.0722683524288
-0.022219099848
-0.0876870643248
-0.0519737480056
-0.0511225096968
-0.1259540955704
-0.0516642068024
0.0759441542168
0.07044979786
0.0723457377296
-0.1043635966472
-0.2293021647888
-0.1811685076912
-0.0700432157424
0.1099936865688
0.0950583235144
-0.074841104392
-0.145455191372
0.00598784229360001
0.1421859717016
0.1613775263
0.1405221877344
0.0756346130136
-0.1370975788856
-0.2157210444984
0.0566752143176
0.2030882034312
0.0288938913304
-0.1219687525792
0.0318732254112
0.0743964482008
-0.0498069595832
-0.0808771578544
-0.067296037564
-0.1230521467904
-0.1064143071184
0.0411207688568
0.0809355061184
0.102951624196
-0.0156800419304
-0.2001665990376
-0.2263615233584
-0.1292816635048
0.0497105372456
0.1080590540488
0.00745816300880001
-0.12785003544
-0.0469437034536
0.1149076531696
0.153058606464
0.135646913784
0.0838374548984
-0.0743767925872
-0.2109231558488
-0.0031823158512
0.1940341232376
0.092117682084
-0.1187185699456
-0.0371931555528
0.0822897488824
-0.0108434606304
-0.054527462932
-0.0618016812072
-0.099217474144
-0.1201888906608
-0.0032210085016
0.0351234080448
0.1071304304392
0.059228929244
-0.1657301401816
-0.2195129242376
-0.1831418328616
0.0199945817384
0.1193186153152
-0.0120429327928
-0.0944582781448
-0.0584354206224
0.0612409470648
0.1430372100104
0.1505048915376
0.1194346932664
-0.0285646945136
-0.2221053318144
-0.067296037564
0.1811494706544
0.1377363169056
-0.091285480812
-0.0842434184392
0.0882097243936
0.0156223122432
-0.0453186121368
-0.0342525141224
-0.1046344452
-0.1691350934168
-0.047175859356
0.0473889782216
0.099856212164
0.1224140273472
-0.0912080955112
-0.2441988351928
-0.2426898218272
-0.0751506455952
0.1427276688072
0.0687860138928
-0.0805289240008
-0.0804902313504
0.0271914147128
0.1028355462448
0.11010976452
0.1506596621392
0.0802003457608
-0.1793886457728
-0.1742425232696
0.1409091142384
0.2097433393
-0.054527462932
-0.1596167014184
0.0432488646288
0.0722296597784
-0.028990313668
-0.0269782958472
-0.0318535697976
-0.1562117481832
-0.1338087036016
0.0019251140016
0.0596545483984
0.1302686353784
0.00347282001760001
-0.1738169041152
-0.2108070778976
-0.1605066323776
0.0452995751
0.1158749694296
-0.0550304673872
-0.1323770755368
-0.0067033470376
0.122297949396
0.147254708904
0.1375428536536
0.1014813034808
-0.0907437837064
-0.2515117461184
-0.0156800419304
0.2444119540584
0.1287596220128
-0.1385678996008
-0.0558043203952
0.0860429359712
-0.0263592134408
-0.0818831667648
-0.0168408214424
-0.07368032488
-0.133073543244
-0.0282938459608
0.0180599492184
0.1317389560936
0.0436357911328
-0.1684386257096
-0.206589579004
-0.1742425232696
0.00823201601680001
0.0995853636112
0.0198785037872
-0.1024289641272
-0.0837017213336
0.0602349381544
0.1527490652608
0.161764452804
0.1072852010408
-0.038276549764
-0.2163788195552
-0.0564234028016
0.1796404572888
0.1339444371664
-0.105408298208
-0.0758858059528
0.0927754571408
0.0195302699336
-0.0351037524312
-0.0417975809504
-0.1136498327432
-0.1634085811576
-0.0274039150016
0.0192594213808
0.135840377036
0.11494634582
-0.1424371646408
-0.232513654772
-0.2247364320416
-0.0125072445976
0.1103419204224
0.0396117554912
-0.0967411445184
-0.0930653427304
0.0416624659624
0.0909955952224
0.1672201165104
0.152478216708
0.00598784229360001
-0.2027976992648
-0.111599122272
0.1525942946592
0.1720566978104
-0.0665995698568
-0.1113669663696
0.0886740361984
0.0362841875568
-0.0435387502184
-0.0457442312912
-0.0680311979216
-0.1585719998576
-0.0594801221832
0.0297064369888
0.0678186976328
0.1316228781424
-0.0838951845856
-0.2200159286928
-0.2392074832912
-0.078323442928
0.135453450532
0.0946713970104
-0.0789425253344
-0.1573338350448
-0.0220643292464
0.0825992900856
0.1537163815208
0.1797178425896
0.1239230407128
-0.1132242135888
-0.2534850712888
0.0189498801776
0.219803428404
0.0646072076496
-0.148937529908
0.0165509358528
0.1103806130728
-0.0247728147744
-0.062652919516
-0.0619177591584
-0.1308680621712
-0.1261862514728
-0.0138614873616
0.0526898713264
0.1816524751096
0.0411594615072
-0.193821004372
-0.2662149532704
-0.2021786168584
0.0413142321088
0.1251225128752
0.0409273056048
-0.0912467881616
-0.0842821110896
0.0386831318816
0.1021390785376
0.1331705841584
0.1352212946296
-0.0201296967264
-0.1945561647296
-0.0286420798144
0.1726370875664
0.1131277912512
-0.1482023695504
-0.0867197480648
0.1250451275744
0.0508326241072
-0.0209422423848
-0.0423005854056
-0.12107882162
-0.1640663562144
-0.0639684696296
0.00242811845680001
0.1957752925056
0.1027968535944
-0.1625573428488
-0.22458166144
-0.2370793875192
0.0030858935136
0.0975733457904
0.0151580004384
-0.0640458549304
-0.0707783761
0.00424667302560001
0.092504608588
0.1642020897792
0.131971111996
0.0225482966648
-0.2057383406952
-0.0928718794784
0.1621900719584
0.160797136544
-0.0899699306984
-0.1220074452296
0.1216401743392
0.0404629938
-0.0362258392928
-0.0474854005592
-0.0866810554144
-0.1515299374848
-0.0601765898904
-0.00163460983519999
0.1117735484872
0.1676457356648
-0.1459581958272
-0.2255102850496
-0.2209445523024
-0.0621499150608
0.119976390372
0.058261612984
-0.0557656277448
-0.1031641244848
-0.0192784584176
0.0329566196224
0.1540646153744
0.1642020897792
0.0941683925552
-0.1248320087088
-0.1973807282088
0.1004752945704
0.1866051343608
-0.0073611220944
-0.161899567792
0.0363615728576
0.0983471987984
0.0047883701312
-0.0103404561752
-0.0590931956792
-0.168090391856
-0.138683977552
-0.0294546254728
0.047814597376
0.2235953081432
0.0201106596896
-0.1857342404384
-0.245088766152
-0.2037263228744
0.0438292543848
0.0914985996776
0.00594914964320001
-0.089544311544
-0.018156371556
0.04143031006
0.0836826842968
0.1481833325136
0.0952904794168
-0.0512772802984
-0.179504723724
-0.0020602289896
0.205293684504
0.11494634582
-0.1769123161472
-0.0683794317752
0.1060857288784
0.023244764372
0.00211857725360001
-0.0368836143496
-0.113920681296
-0.1483184475016
-0.0551852379888
-0.0070128882408
0.1699286020384
0.0794651854032
-0.160545325028
-0.2088724453776
-0.2046162538336
0.0316797621592
0.0660775283648
0.00877371312240001
-0.078710369432
-0.09689591512
0.0384122833288
0.0741642922984
0.1696190608352
0.1605649806416
-0.0118107768904
-0.1865467860968
-0.08141885496
0.1428437467584
0.1355308358328
-0.1113669663696
-0.0588223471264
0.1378137022064
0.0167830917552
-0.0054651822248
-0.06884374358
-0.1453778060712
-0.1166678594744
-0.0492652624776
-0.000744678875999993
0.160216746788
0.1341379004184
-0.1631377326048
-0.2136316413768
-0.232513654772
-0.0332078125616
0.108755521756
0.00900586902480001
-0.0310410241392
-0.0793681444888
-0.00175068778639999
0.0243281585832
0.0929689203928
0.192718573124
0.0678186976328
-0.1675100021
-0.0961607547624
0.1362659961904
0.1441206042216
-0.0837791066344
-0.1375618906904
0.1162232032832
0.0635238134384
-0.0045365586152
0.00529137458640001
-0.0903568572024
-0.1745133718224
-0.1180221022384
-0.0190463025152
0.1011330696272
0.186140822556
-0.0763114251072
-0.1747842203752
-0.2123547839136
-0.1437914074048
0.0786139470944
0.031950610712
-0.0338655876184
-0.08819006878
-0.0198588481736
0.0475824414736
0.0921950673848
0.159249430528
0.1198216197704
-0.0861006656584
-0.2023720801104
0.0489366842376
0.2039007490896
0.0281200383224
-0.1724239687008
0.044719185344
0.124232581916
-0.0114238503864
-0.0182337568568
-0.0813414696592
-0.134814712512
-0.1244837748552
-0.0374253114552
0.0596932410488
0.194459742392
-0.0029501599488
-0.2039584787768
-0.2012886858992
-0.1705667214816
0.0326083857688
0.0724231230304
0.0262627911032
-0.0715909217584
-0.0859458950568
-0.000860756827199993
0.0422428557184
0.1546450051304
0.160023283536
0.0155836195928
-0.1481636769
-0.0544113849808
0.1289143926144
0.0647619782512
-0.1413537704296
-0.014867496272
0.1539485374232
0.0457251942544
0.011250042748
-0.0804128460496
-0.1425145499416
-0.139070904056
-0.0997204785992
0.032337537216
0.1989480898384
0.083411835744
-0.1423984719904
-0.193240614616
-0.2128577883688
-0.0331691199112
0.0191046507792
0.0032019714648
0.00629738349680001
-0.0455507680392
0.0155449269424
0.0065682320496
0.0835666063456
0.1435015218152
0.0401921452472
-0.0997978639
-0.0511612023472
0.1324354238008
0.0983471987984
-0.1375618906904
-0.0799872268952
0.1334414327112
0.0451834971488
0.040269530548
-0.0176146744504
-0.1376779686416
-0.1357433361216
-0.12688271918
-0.0244632735712
0.1446236086768
0.1235361142088
-0.0882674540808
-0.1506013138752
-0.1887135745192
-0.079097295936
0.0291647398832
-0.0421845074544
-0.0205940085312
-0.0488009506728
0.0210005906488
0.0272301073632
0.0454543457016
0.1691547490304
0.0866233257272
-0.0906277057552
-0.1181381801896
0.0836826842968
0.1479124839608
-0.0802193827976
-0.1300555165128
0.1217949449408
0.0955226353192
0.00598784229360001
0.0030472008632
-0.1199954274088
-0.1430949396976
-0.1134176768408
-0.0569264072568
0.1103419204224
0.1621900719584
-0.0327048081064
-0.1587654631096
-0.199044512176
-0.1464998929328
0.0233995349736
0.00776770421200001
-0.0302284784808
-0.0221417145472
-0.0095279105168
0.0148484592352
-0.0114625430368
0.1140951075112
0.1599458982352
-0.006548576436
-0.1024289641272
-0.0052330263224
0.1535616109192
0.0031632788144
-0.1797368796264
0.044138795588
0.135646913784
0.0279652677208
0.0144228400808
-0.0571585631592
-0.1188733405472
-0.1396899864624
-0.1302489797648
0.0451834971488
0.1642020897792
0.0304415973464
-0.0950386679008
-0.1512977815824
-0.1352790243168
-0.0488009506728
-0.0501551934368
-0.0477949417624
-0.0154091933776
0.005252681936
0.0492849180912
0.0115595839512
0.05690737022
0.1482994104648
0.0293195104848
-0.0944195854944
-0.0389343248208
0.122491412648
0.046460354612
-0.145455191372
0.0325696931184
0.1400578759296
0.0130299046664
-0.0145192624184
-0.0449703782832
-0.1055243761592
-0.0921754117712
-0.1148106122552
-0.00267931139599999
0.1582434216176
0.00745816300880001
-0.0944195854944
-0.1250641646112
-0.1180607948888
-0.03015109318
-0.0456668459904
-0.062846382768
-0.0459376945432
-0.0082510530536
0.0214649024536
0.00389843917200001
0.0341947844352
0.1478737913104
0.098695432652
-0.0429583604624
-0.0542566143792
0.0452995751
0.061550488268
-0.1386452849016
-0.0214839394904
0.1773962835656
0.073738673144
-0.0147514183208
-0.0418362736008
-0.0923301823728
-0.141779389584
-0.0959672915104
-0.0354519862848
0.1153719649744
0.08109027672
-0.0554173938912
-0.1027385053304
-0.175635458684
-0.068263353824
-0.026668754644
-0.0701592936936
-0.0349489818296
0.00324066411520001
0.0268044882088
-0.0028340819976
-0.0175759818
0.0905312834176
0.1494214973264
0.0198785037872
-0.0623820709632
0.018408183072
0.10430586696
-0.0955803650064
-0.125335013164
0.1376976242552
0.1128956353488
0.0124882075608
-0.009257061964
-0.06207252976
-0.1281595766432
-0.1244837748552
-0.0849398861464
0.0616278735688
0.107788205496
-0.0116946989392
-0.0722100041648
-0.1479315209976
-0.089931238048
-0.0486074874208
-0.0741833293352
-0.0525541377616
-0.016415202288
0.0374836597192
0.0223161407624
-0.0367675363984
0.0481241385792
0.148995878172
0.0557852833584
-0.0323178816024
-0.0234185720104
0.0806646575656
-0.0363806098944
-0.1451069575184
0.0864298624752
0.148995878172
0.0355490271992
-0.0252758192296
-0.0326274228056
-0.0932588059824
-0.1229360688392
-0.10269981268
0.0091993322768
0.0969929560344
0.000377407985600008
-0.0264365987416
-0.1112895810688
-0.1115217369712
-0.0498456522336
-0.1112508884184
-0.0851333493984
0.000764334489600005
0.0559013613096
0.0396117554912
-0.0420297368528
-0.026668754644
0.1127408647472
0.0917694482304
0.022470911364
0.0153901563408
0.0646845929504
-0.00623903523279999
-0.1925441469088
0.0071486218056
0.17878921898
0.053231568432
-0.0156800419304
0.0187564169256
-0.0535988393224
-0.1397673717632
-0.1269214118304
-0.0544887702816
0.0679734682344
0.0257984792984
0.0072646997568
-0.0484140241688
-0.115468387312
-0.0746089484896
-0.1136111400928
-0.1171708639296
-0.0344459773744
0.0548179670984
0.0732356686888
0.00610392024480001
-0.058977117728
0.0447965706448
0.1216014816888
0.043945332336
-0.004227017412
0.058261612984
0.0536571875864
-0.1544318862648
-0.0789425253344
0.1325901944024
0.1081364393496
-0.011965547492
-0.010998231232
0.0108244235936
-0.1101288015568
-0.132106226984
-0.09399396634
0.0415463880112
0.0413142321088
-0.0266300619936
-0.0093344472648
-0.0772013560664
-0.0790199106352
-0.1020420376232
-0.1223943717336
-0.0843981890408
0.00769031891120001
0.0772983969808
0.033498316728
-0.0258562089856
0.00254419640800001
0.0884031876456
0.0918855261816
0.016473550552
0.00358889796880001
0.0653036753568
-0.0768531222128
-0.114501071052
0.0744738335016
0.124812971672
0.03369177998
-0.0387795542192
0.0310993724032
-0.0491491845264
-0.1261862514728
-0.1173643271816
-0.03788962326
0.0268044882088
-0.0037240129568
0.0334596240776
-0.0465180842992
-0.0524767524608
-0.1113282737192
-0.1809750444392
-0.0958899062096
-0.0027180040464
0.0944005484576
0.0587259247888
-0.0290290063184
-0.0349102891792
0.0479693679776
0.0967221074816
0.0736999804936
0.0203041229416
0.052264252172
-0.0571585631592
-0.1383357436984
0.0701789493072
0.0983471987984
0.00459490687920001
-0.0220643292464
0.0418946218648
-0.0037240129568
-0.0854428906016
-0.1088132514432
-0.0818831667648
-0.0213678615392
-0.0422618927552
0.0533476463832
0.000609563888000007
-0.0409463426416
-0.0578937235168
-0.1707601847336
-0.136362418528
-0.072519545368
0.0707980317136
0.0885579582472
-0.0281777680096
-0.0527476010136
0.049749229896
0.1262445997368
0.0829088312888
0.0166283211536
0.0150806151376
-0.0186593760112
-0.1442557192096
0.00923802492720001
0.1683808960224
0.0602736308048
-0.0668317257592
-0.0022536922416
0.0248311630384
-0.0795229150904
-0.0891960776904
-0.0715909217584
-0.010030914972
-0.065748331548
-0.0092957546144
0.0475824414736
-0.0449703782832
-0.0374640041056
-0.1246385454568
-0.1597327793696
-0.099217474144
0.0237477688272
0.0962191030264
0.0310993724032
-0.0689985141816
-0.0300350152288
0.130229942728
0.1100710718696
0.039302214288
0.0270366441112
0.0287391207288
-0.1324157681872
-0.1149653828568
0.1340605151176
0.1437336777176
-0.0173438258976
-0.0454733827384
0.0525737933752
-0.0419910442024
-0.1066077703704
-0.1173256345312
-0.0377348526584
-0.0073611220944
-0.0435387502184
0.050716546156
0.005252681936
-0.0281390753592
-0.1446426457136
-0.1812845856424
-0.0861780509592
-0.0045365586152
0.1002818313184
0.0490527621888
-0.036728843748
-0.0854041979512
0.042591089572
0.1483767957656
0.0839922255
0.0506004682048
0.0251407042416
-0.1030093538832
-0.1194537303032
0.066773996072
0.128875699964
0.0135329091216
-0.0562299395496
0.0608540205608
0.0245603144856
-0.0966250665672
-0.1147719196048
-0.0698884451408
-0.0462472357464
-0.0697723671896
0.04916884014
0.0366324214104
0.00776770421200001
-0.095541672356
-0.2096462983856
-0.1229747614896
-0.0395147145768
0.0924272232872
0.060389708756
-0.0257788236848
-0.0679538126208
-0.0211357056368
0.1299590941752
0.1457843881888
0.0485497577336
0.02305130112
-0.0598283560368
-0.1692898640184
0.0276170338672
0.1546836977808
0.0608540205608
-0.0551465453384
0.0113274280488
0.0603510161056
-0.0811866990576
-0.0963929106648
-0.07851690618
-0.071552229108
-0.0889252291376
0.0184468757224
0.0813611252728
0.0194528846328
-0.0265913693432
-0.2103040734424
-0.1908029776408
-0.0869132113168
0.0456478089536
0.1473320942048
0.0290873545824
-0.0657870241984
-0.0782847502776
0.0639494325928
0.127714920452
0.072771356884
0.0782657132408
0.0140746062272
-0.155128353972
-0.0856363538536
0.1314681075408
0.0930076130432
-0.0446221444296
-0.0120816254432
0.077607938184
0.0033954347168
-0.10173249642
-0.1143463004504
-0.0633493872232
-0.105021371704
-0.048143175616
0.1011717622776
0.0515677844648
-0.000938142127999995
-0.13752319804
-0.2151406547424
-0.1372136568368
-0.0207874717832
0.1262059070864
0.0762923880704
-0.0278682268064
-0.0846690375936
0.0037436685704
0.1481446398632
0.0869328669304
0.0341947844352
0.0461508134088
-0.0842821110896
-0.1223943717336
0.0732743613392
0.1460552367416
-0.0224899484008
-0.0771239707656
0.0701402566568
0.0484723724328
-0.0681859685232
-0.1074590086792
-0.0704301422464
-0.0953869017544
-0.0953869017544
0.048975376888
0.0687473212424
0.0464990472624
-0.0857911244552
-0.2219892538632
-0.156289133484
-0.0520898259568
0.0939749293032
0.0861590139224
-0.01467403302
-0.0712426879048
-0.0362645319432
0.1286048514112
0.124039118664
0.0559013613096
0.052264252172
-0.09786323138
-0.1391095967064
0.0602736308048
0.1592881231784
0.01918203608
-0.11043834276
0.0287778133792
0.0839922255
-0.0303832490824
-0.0749958749936
-0.0777817458224
-0.1151201534584
-0.1405799174216
0.0057943790416
0.1007848357736
0.0814385105736
-0.019897540824
-0.2047323317848
-0.2139798752304
-0.120885358368
0.057100833472
0.139516178824
0.0160479313976
-0.0525541377616
-0.0568877146064
0.0469633590672
0.1312746442888
0.0689407844944
0.0624017265768
-0.0055425675256
-0.148744066656
-0.0245019662216
0.1599458982352
0.0824832121344
-0.1210014363192
-0.0428809751616
0.1130890986008
0.0175569447632
-0.0655161756456
-0.0681085832224
-0.0864875921624
-0.1613578706864
-0.0710879173032
0.0750155306072
0.076640621924
0.0428232454744
-0.1338087036016
-0.2016369197528
-0.1315645298784
-0.0272491444
0.1007848357736
0.0523416374728
-0.0383152424144
-0.0771239707656
0.0210392832992
0.148028561912
0.1119283190888
0.052651178676
0.0126429781624
-0.1391482893568
-0.1222009084816
0.1198216197704
0.1804916955976
-0.0083284383544
-0.097089378372
0.0365550361096
0.026340176404
-0.0664834919056
-0.0594801221832
-0.0488396433232
-0.1130694429872
-0.1024676567776
0.0258371719488
0.0683603947384
0.0497879225464
-0.0825409418216
-0.199044512176
-0.1587654631096
-0.053173220168
0.1003592166192
0.0829088312888
-0.028022997408
-0.08625543626
-0.0515481288512
0.117654831348
0.1443914527744
0.0869715595808
0.045106111848
-0.1022741935256
-0.1400769129664
0.0347751741912
0.172211468412
0.0346977888904
-0.1032415097856
0.0339626285328
0.0833731430936
-0.0385087056664
-0.06884374358
-0.0538696878752
-0.1709149553352
-0.1360915699752
0.0476598267744
0.0823284415328
0.0860816286216
-0.024734122124
-0.2045388685328
-0.2160305857016
-0.1091227926464
0.0763310807208
0.1401739538808
-0.000473830323199996
-0.078323442928
-0.0774722046192
0.05400542144
0.1501179650336
0.0684764726896
0.09656733688
-0.0135519461584
-0.1917316012504
-0.0258562089856
0.1763128893544
0.0961030250752
-0.1178673316368
-0.0331304272608
0.115139809072
0.0076129336104
-0.0866036701136
-0.0434226722672
-0.09592859886
-0.1896808907792
-0.0294159328224
0.0653036753568
0.085346468264
0.0388379024832
-0.1642985121168
-0.1971872649568
-0.1354724875688
-0.0039561688592
0.1366916153448
0.0497879225464
-0.0760405765544
-0.0971667636728
0.00745816300880001
0.1416055819456
0.1168422856896
0.0885579582472
0.0380640494752
-0.173120436408
-0.138877440804
0.1321258825976
0.1860634372552
-0.0340590508704
-0.0966250665672
0.0740869069976
0.0534637243344
-0.0804515387
-0.0704688348968
-0.0349102891792
-0.1654592916288
-0.1205371245144
0.0676252343808
0.0858494727192
0.067934775584
-0.080064612196
-0.2364603051128
-0.1769510087976
-0.061685603256
0.1048088714152
0.1307716398336
-0.012545937248
-0.1025450420784
-0.0772400487168
0.0935106174984
0.1293400117688
0.0748220673552
0.0842630740528
-0.056462095452
-0.1590750043128
0.0252954748432
0.1898553169944
0.000648256538400005
-0.1434818662016
0.051683862416
0.1245034304688
-0.0083671310048
-0.073873788132
-0.0683020464744
-0.1710697259368
-0.1729656658064
0.000686949188800003
0.1222205640952
0.1276375351512
-0.0351424450816
-0.2000505210864
-0.2121613206616
-0.1037058215904
0.0470794370184
0.1074786642928
0.0321053813136
-0.0686889729784
-0.0850172714472
0.0626725751296
0.1486863369688
0.070836724364
0.0708754170144
-0.0573907190616
-0.1478541356968
0.0211940539008
0.1569665641544
0.088441880296
-0.147583287144
-0.02821646066
0.1394774861736
0.0102440338376
-0.0565781734032
-0.0407528793896
-0.1336152403496
-0.1868563273
-0.03982425578
0.06851516534
0.1299590941752
0.0121399737072
-0.1579529174512
-0.2051966435896
-0.1586880778088
0.0409659982552
0.1254320540784
0.0206910494456
-0.0585514985736
-0.0948452046488
-0.0080188971512
0.1545289271792
0.1074399716424
0.0875132566864
0.0267657955584
-0.179891650228
-0.079677685692
0.1533294550168
0.158088651016
-0.0905503204544
-0.1139593739464
0.1061631141792
0.0740482143472
-0.054914389436
-0.0171116699952
-0.090318164552
-0.2360346859584
-0.0956577503072
0.0270366441112
0.1250451275744
0.1227622612008
-0.0941100442912
-0.2171913652136
-0.1966068752008
-0.0847464228944
0.101210454928
0.1248903569728
-0.0235346499616
-0.0788264473832
-0.0547596188344
0.101210454928
0.12171755964
0.0358585684024
0.083411835744
-0.0730225498232
-0.1520716345904
0.061163561764
0.2054097624552
0.0247537777376
-0.1725013540016
-0.0068194249888
0.1275214572
0.00981841468320001
-0.0630011533696
-0.0321631110008
-0.168090391856
-0.1665039931896
-0.021832173344
0.0594997777968
0.1475642501072
-0.017382518548
-0.1912285967952
-0.176022385188
-0.0958899062096
0.0583389982848
0.082251056232
-0.021832173344
-0.0745315631888
-0.0719778482624
0.0633690428368
0.1699672946888
0.1131277912512
0.053811958188
-0.0809158505048
-0.1711471112376
-0.005194333672
0.1985611633344
0.0847273858576
-0.1291268929032
0.0229739158192
0.1128956353488
-0.0306154049848
-0.0768918148632
-0.0409463426416
-0.1457647325752
-0.154354500964
0.0072646997568
0.0678186976328
0.1198603124208
-0.0132037123048
-0.202526850712
-0.2310046414064
-0.1005330242576
0.0860042433208
0.1303847133296
0.0208071273968
-0.1071881601264
-0.1159713917672
-0.00198284368879999
0.1403674171328
0.121524096388
0.1207115507296
0.0179438712672
-0.1829483696096
-0.0670638816616
0.147254708904
0.1382780140112
-0.1423984719904
-0.0631172313208
0.1688065151768
0.045493038352
-0.0455120753888
-0.0457442312912
-0.1373684274384
-0.226322830708
-0.0805289240008
0.0595771630976
0.170470299144
0.0784204838424
-0.1455712693232
-0.2180426035224
-0.1871271758528
-0.0239989617664
0.1130890986008
0.096373873628
-0.046982396104
-0.1097418750528
-0.04949741838
0.1111544660808
0.1276375351512
0.070256334608
0.0774918602328
-0.1388000555032
-0.1320288416832
0.101016991676
0.1903970141
-0.013900180012
-0.166155759336
0.0811289693704
0.1128956353488
-0.044467373828
-0.043113131064
-0.0513159729488
-0.1959877927944
-0.1372523494872
0.0117143545528
0.1029129315456
0.1172292121936
-0.0687276656288
-0.1970711870056
-0.2077890511664
-0.0703527569456
0.094826167612
0.112237860292
-0.0097213737688
-0.1161648550192
-0.1188733405472
0.062130878024
0.1721340831112
0.088441880296
0.1116187778856
-0.0451251488848
-0.1801624987808
-0.0161443537352
0.1697351387864
0.060196245504
-0.1417406969336
0.050523082904
0.1554188581384
-0.0030662379
-0.0816510108624
-0.0770852781152
-0.1935114631688
-0.1519555566392
-0.00484609981839999
0.0964125662784
0.1834710296784
-0.03111840944
-0.2088724453776
-0.2399426436488
-0.1142302224992
0.0737773657944
0.1138629516088
0.0385670539304
-0.0663674139544
-0.0993335520952
-0.019123687816
0.1281792322568
0.0974959604896
0.0932010762952
-0.0159121978328
-0.1534258773544
0.014925844536
0.1676070430144
0.0636011987392
-0.1725787393024
-0.0131650196544
0.1496149605784
0.0362841875568
-0.0210196276856
-0.0433452869664
-0.1737395188144
-0.2041519420288
-0.0397468704792
0.0545471185456
0.170857225648
0.0283135015744
-0.1573725276952
-0.2148311135392
-0.1763706190416
0.0563656731144
0.0995466709608
0.0129525193656
-0.0606795943456
-0.0823474785696
-0.0218708659944
0.10720781574
0.120556780128
0.092891535092
0.040849920304
-0.1830257549104
-0.0793294518384
0.1769706644112
0.1529425285128
-0.1256058617168
-0.0985596990872
0.1624996131616
0.0563656731144
-0.05530131594
-0.02628182814
-0.0999526345016
-0.2162240489536
-0.0926784162264
0.02014935234
0.1508531253912
0.111657470536
-0.1509882403792
-0.2055061847928
-0.1952913250872
-0.034213821472
0.1146368046168
0.1019456152856
-0.0221030218968
-0.1269601044808
-0.0921754117712
0.0442548735392
0.1407930362872
0.0980376575952
0.1150237311208
-0.0592866589312
-0.15977147202
0.0356651051504
0.1777445174192
0.0146163033328
-0.1815167415448
0.0646072076496
0.1551480095856
0.0034341273672
-0.0496521889816
-0.0748797970424
-0.1963747192984
-0.1631377326048
-0.0311571020904
0.105853572976
0.194072815888
-0.0538309952248
-0.1906868996896
-0.214328109084
-0.0975149975264
0.0626338824792
0.0735065172416
0.0248698556888
-0.0851720420488
-0.0851333493984
0.00494314073280001
0.147641635408
0.1148689605192
0.0572169114232
-0.042532741308
-0.149711382916
0.0205749714944
0.1777058247688
0.0731195907376
-0.144681338364
0.0217357510064
0.1100710718696
-0.0069741955904
-0.0087153648584
-0.0719778482624
-0.1701411023272
-0.1420115454864
-0.01660866554
0.0513743212128
0.141644274596
-0.0207874717832
-0.182600135756
-0.1997409798832
-0.1140754518976
0.0960643324248
0.0816319738256
0.00935410287840001
-0.1000300198024
-0.1307132915696
-0.0064324984848
0.1077108201952
0.14880241492
0.1260124438344
0.0158157754952
-0.1692124787176
-0.0693467480352
0.1516269783992
0.106047036228
-0.136942808284
-0.0076319706472
0.181304241256
0.0259532499
-0.0323178816024
-0.065748331548
-0.1830644475608
-0.1867789419992
-0.0385087056664
0.0529994125296
0.178402292476
0.050910009408
-0.1718822715952
-0.2059704965976
-0.2023720801104
0.0277331118184
0.125199898176
0.063872047292
-0.0331691199112
-0.130171594464
-0.072906471872
0.0424750116208
0.114172492812
0.1264380629888
0.1105353836744
-0.120691895116
-0.1240194630504
0.1061244215288
0.1585142701704
-0.0671799596128
-0.1490149152088
0.1483767957656
0.1080977466992
-0.0222964851488
-0.016028275784
-0.1070333895248
-0.2242721202368
-0.1176351757344
0.0105535750408
0.120943706632
0.1417990451976
-0.1047118305008
-0.179698186976
-0.2070925834592
-0.0671412669624
0.1065113480328
0.0580294570816
-0.0079802045008
-0.1033962803872
-0.0980180019816
0.0191046507792
0.1272506086472
0.1204793948272
0.1204407021768
-0.0528249863144
-0.1827549063576
0.0422815483688
0.1719406198592
2.91741320000011e-05
-0.1247933160584
0.1064726553824
0.1301138647768
-0.0181950642064
-0.0476401711608
-0.1056791467608
-0.1820584386504
-0.135395102268
0.000803027140000002
0.110883617528
0.149382804676
-0.0805676166512
-0.1903773584864
-0.1803946546832
-0.1037445142408
0.0624404192272
0.07818832794
0.0378705862232
-0.0811866990576
-0.1074590086792
-0.0301897858304
0.0596932410488
0.1243486598672
0.1317002634432
0.0174795594624
-0.1195698082544
0.0029698155624
0.1354921431824
-0.031892262448
-0.160545325028
0.1005139872208
0.172211468412
0.0424750116208
-0.0032983938024
-0.1050987570048
-0.200205291688
-0.2029911625168
-0.048143175616
0.1252772834768
0.1655176398928
-0.0097213737688
-0.141198999828
-0.2038424008256
-0.1543931936144
0.0210005906488
0.04143031006
0.0482789091808
-0.0298802446272
-0.0860232803576
-0.0177307524016
0.0202654302912
0.0706045684616
0.1236134995096
0.0573716820248
-0.0980953872824
-0.040404645536
0.14976973118
0.0885579582472
-0.1913833673968
-0.0207100864824
0.184980043044
0.0432488646288
0.0254502454448
-0.0498456522336
-0.1540836524112
-0.1933566925672
-0.1217365966768
0.0407725350032
0.164859864836
0.0515290918144
-0.1228973761888
-0.1467707414856
-0.1660783740352
-0.0316214138952
0.048975376888
0.035819875752
-0.014480569768
-0.1247933160584
-0.0437322134704
0.051296935912
0.08109027672
0.123458728908
0.094245777856
-0.0664834919056
-0.1122568973288
0.0492075327904
0.1468677824
-0.044080447324
-0.1189894184984
0.1415668892952
0.1171131342424
0.00575568639120001
-0.0480657903152
-0.1542384230128
-0.1537354185576
-0.1224717570344
-0.0368836143496
0.13622730354
0.1311585663376
-0.0819605520656
-0.1535419553056
-0.1665813784904
-0.0764661957088
0.0407338423528
-0.0091796766632
0.0226256819656
-0.0333625831632
-0.083160024228
0.00107387569280001
0.0316797621592
0.1105740763248
0.1102645351216
-0.0147901109712
-0.0765048883592
0.0451448044984
0.1113479293328
-0.074454177888
-0.0862941289104
0.121911022892
0.1034159360008
0.0182921051208
0.0114048133496
-0.1076137792808
-0.1935114631688
-0.1345051713088
-0.0393599439752
0.0822123635816
0.1007074504728
-0.0244632735712
-0.1256445543672
-0.149904846168
-0.0743767925872
0.0270366441112
-0.0041883247616
-0.0443126032264
-0.0494587257296
-0.0528636789648
0.0209618979984
0.0055622231392
0.0894865818568
0.170857225648
0.0161253166984
-0.117596483084
-0.0355293715856
0.1578178024632
-0.026088364888
-0.1242129263024
0.1376976242552
0.1492280340744
0.00993449263440001
-0.0557656277448
-0.0817283961632
-0.1515686301352
-0.1436753294536
-0.06497447854
0.0927754571408
0.1235361142088
-0.0442352179256
-0.1082715543376
-0.1502530800216
-0.0971280710224
-0.0088314428096
0.0279265750704
0.0123721296096
-0.0462472357464
-0.0858298171056
-0.0353359083336
-0.00221499959119999
0.04723420762
0.1767385085088
0.0892931186048
-0.050658197892
-0.077743053172
0.0759054615664
0.0670448446248
-0.1685933963112
0.0264562543552
0.2009601076592
0.0862363992232
-0.0205553158808
-0.057622874964
-0.1305972136184
-0.1928923807624
-0.1236712291968
0.010282726488
0.1612614483488
0.0398439113936
-0.0621499150608
-0.1176351757344
-0.158610692508
-0.0500004228352
-0.0354519862848
0.0167443991048
0.03175714746
-0.0695402112872
-0.041565425048
-0.0026019260952
-0.0152931154264
0.1005139872208
0.141257348092
0.026533639656
-0.0581258794192
0.0239799247296
0.0762923880704
-0.1145397637024
-0.0505421199408
0.1618031454544
0.1133599471536
0.0071486218056
-0.0285646945136
-0.1066077703704
-0.1672004608968
-0.1204210465632
-0.0683020464744
0.1009396063752
0.0805485796144
-0.0478723270632
-0.0910533249096
-0.1242903116032
-0.0460537724944
-0.0437322134704
-0.0312731800416
0.01434545478
-0.0290290063184
-0.0506195052416
-0.0155639639792
-0.0253918971808
0.0802003457608
0.1558057846424
0.050910009408
-0.0354906789352
-0.0118881621912
0.05787468648
-0.1105157280608
-0.0611439061504
0.1686130519248
0.1485315663672
0.0312154503544
-0.0619564518088
-0.0790586032856
-0.1779183250576
-0.1345438639592
-0.0379670085608
0.0484723724328
0.079349107452
-0.0053491042736
-0.0553400085904
-0.1488601446072
-0.0883061467312
-0.0274813003024
-0.062652919516
-0.0230703381568
0.0230126084696
-0.0024084628432
-0.0196266922712
-0.05723594846
-0.0033757791032
0.1452813837336
0.0892544259544
-0.0020215363392
0.00482706278160001
0.0985019694
-0.0544113849808
-0.1793886457728
0.0846886932072
0.1679939695184
0.0656906018608
-0.0024084628432
-0.0138614873616
-0.1334217770976
-0.1964907972496
-0.120304968612
-0.0077480485984
0.096954263384
0.0387992098328
-0.0100696076224
-0.0948838972992
-0.1079620131344
-0.0631946166216
-0.0742994072864
-0.045047763584
-0.0074385073952
0.00594914964320001
0.00993449263440001
-0.0225286410512
-0.0385860909672
0.1015199961312
0.123071802404
0.0147710739344
-0.0341364361712
0.0573329893744
0.0480854459288
-0.1435592515024
-0.0064711911352
0.1638151632752
0.0868167889792
-0.022992952856
-0.0269009105464
-0.0717069997096
-0.1469255120872
-0.1228586835384
-0.056655558704
0.0707593390632
0.0244442365344
-0.014480569768
-0.055494779192
-0.0933361912832
-0.0489557212744
-0.0796389930416
-0.0559590909968
-0.0217160953928
0.0037436685704
-0.00527171897279999
-0.037696160008
-0.0395920998776
0.0579520717808
0.1510852812936
0.0831022945408
-0.0281390753592
0.0139972209264
0.0330340049232
-0.1349307904632
-0.0258562089856
0.182465020768
0.1113479293328
-0.0339429729192
-0.0352972156832
-0.0212904762384
-0.1382583583976
-0.129010814952
-0.0624981489144
0.0030858935136
0.014538918032
0.003318049416
-0.00345316440399999
-0.0633493872232
-0.0537923025744
-0.0959672915104
-0.1024289641272
-0.0441578326248
-0.0085992869072
0.038721824532
0.0183307977712
-0.0684181244256
-0.0145966477192
0.1196668491688
0.117654831348
0.0105148823904
-0.000435137672799998
0.0778400940864
-0.0946904340472
-0.1120634340768
0.1192799226648
0.1437336777176
0.0170152476576
-0.0465567769496
0.0076129336104
-0.09302665008
-0.1448361089656
-0.101152106664
-0.021058320336
0.0264175617048
-0.0183885274584
0.013765065024
-0.0502325787376
-0.0529023716152
-0.0611439061504
-0.0960833694616
-0.047949712364
-0.0397855631296
-0.0059294940296
0.00823201601680001
-0.0465954696
-0.024927585376
0.1176935239984
0.140676958336
0.058648539488
-0.0445060664784
0.0250246262904
-0.0118107768904
-0.1567921379392
0.0711462655672
0.1974003838224
0.0836826842968
-0.0501551934368
-0.0407528793896
-0.0865262848128
-0.1496726902656
-0.0816897035128
-0.0384313203656
0.0374449670688
0.00571699374080001
0.00699385120400001
-0.0592866589312
-0.0904342425032
-0.0508903537944
-0.1020033449728
-0.0457442312912
-0.00221499959119999
0.0050205260336
-0.000783371526399998
-0.0544500776312
-0.095348209104
0.0535024169848
0.1867599049624
0.104112403708
0.0170926329584
0.0115208913008
-0.0239215764656
-0.1387613628528
-0.0166860508408
0.1736430964768
0.1042671743096
-0.026862217896
0.0035502053184
-0.0252371265792
-0.1312549886752
-0.1211562069208
-0.1015003405176
-0.0273265297008
0.00730339240720001
0.0414690027104
0.0272301073632
-0.0421071221536
-0.05917058098
-0.1293203561552
-0.128043498692
-0.0448156076816
0.0405403791008
0.0543536552936
-0.0224899484008
-0.0990627035424
-0.0230316455064
0.1352212946296
0.1241551966152
0.0418946218648
0.0577199158784
0.0047883701312
-0.1642985121168
-0.0645488593856
0.1653241766408
0.1457456955384
-0.0366514584472
-0.0249662780264
0.0391861363368
-0.118757262596
-0.1423984719904
-0.0699271377912
-0.0211357056368
-0.036148453992
-0.008676672208
0.0402308378976
-0.0361871466424
-0.0358776054392
-0.09883054764
-0.1096257971016
-0.0699658304416
-0.0177307524016
0.0569847555208
-0.00368532030639999
-0.0762340398064
-0.0840886478376
0.100049675416
0.1873402947184
0.0578359938296
0.0192981140312
0.0688247065432
-0.1178286389864
-0.1877849509096
0.1141338001616
0.1955044439528
0.0557852833584
-0.05239936716
0.00838678661840001
-0.0488396433232
-0.1737782114648
-0.1079620131344
-0.036535380496
-0.0051169483712
-0.0246180441728
0.0387992098328
0.0119465104552
-0.0318148771472
-0.0992948594448
-0.160158398524
-0.0620338371096
-0.0388956321704
0.044912648596
0.066193606316
-0.0380443938616
-0.111018732516
-0.0116946989392
0.156540945
0.130036479476
0.0172860962104
0.046847281116
0.016086624048
-0.1639115856128
-0.0212130909376
0.1479124839608
0.0748607600056
-0.0303058637816
0.0014994948472
0.036787192012
-0.08625543626
-0.1417406969336
-0.1160100844176
-0.0568103293056
-0.0468663181528
0.0491301474896
0.0641042031944
0.0018090360504
-0.0080575898016
-0.1821745166016
-0.1656527548808
-0.0438095987712
0.0140359135768
0.0659614504136
-0.0071676588424
-0.088383532032
-0.0353359083336
0.1133212545032
0.15557362874
0.0608927132112
0.0180599492184
-0.0027180040464
-0.1372136568368
-0.0379283159104
0.1783249071752
0.0905312834176
-0.0615308326544
-0.00484609981839999
0.026727102908
-0.0742220219856
-0.0836630286832
-0.0940713516408
-0.082773097724
-0.070971839352
-0.0071676588424
0.0693277109984
0.0154288489912
0.002931122912
-0.114887997556
-0.1766801602448
-0.0867197480648
-0.00325970115199999
0.0802390384112
0.017053940308
-0.1102835721584
-0.0837017213336
0.1038028625048
0.1625769984624
0.0824832121344
0.0649167488528
0.0276170338672
-0.138683977552
-0.1432497102992
0.1306555618824
0.193879352636
-0.0151383448248
-0.0663674139544
0.0336530873296
-0.0335173537648
-0.1127212091336
-0.0882287614304
-0.0725969306688
-0.066715647808
-0.0407141867392
0.0470020517176
0.0575651452768
0.0121012810568
-0.0782460576272
-0.1743972938712
-0.1283530398952
-0.0417588883
0.0615891809184
0.0653036753568
-0.0511998949976
-0.1159713917672
0.000725641839200007
0.1695803681848
0.1161845106328
0.0368258846624
0.074125599648
-0.0596735854352
-0.1779957103584
0.0342334770856
0.1985611633344
0.0621695706744
-0.0925623382752
0.0165509358528
0.0254889380952
-0.107729857232
-0.0944582781448
-0.0759244986032
-0.0793294518384
-0.0623046856624
0.0268044882088
0.03659372876
0.041236846808
-0.0211357056368
-0.1753259174808
-0.115468387312
-0.07271300862
0.0146549959832
0.0627886530808
-0.0458603092424
-0.106762540972
-0.0450864562344
0.158088651016
0.1820394016136
0.0650715194544
0.0415463880112
-0.054527462932
-0.193240614616
-0.008289745704
0.2009601076592
0.1022551564888
-0.0506968905424
-0.01951061432
0.0306350605984
-0.0753441088472
-0.1110574251664
-0.0838951845856
-0.0768144295624
-0.082579634472
0.0239412320792
0.0724618156808
0.0267657955584
-0.000512522973599994
-0.1872819464544
-0.1618221824912
-0.0472532446568
0.0144615327312
0.1101484571704
-0.0242311176688
-0.1348534051624
-0.1021968082248
0.063872047292
0.2014631121144
0.1263993703384
0.078575254444
0.00710992915520001
-0.1848830021296
-0.1109413472152
0.1643181677304
0.1563861743984
-0.0506968905424
-0.0375413894064
0.0608153279104
-0.03111840944
-0.095735135608
-0.0773174340176
-0.0914015587632
-0.1406573027224
-0.0308862535376
0.0974572678392
0.0448739559456
0.0430554013768
-0.0787877547328
-0.2078277438168
-0.1289334296512
-0.0490717992256
0.0848821564592
0.0857720874184
-0.0958899062096
-0.143714022104
0.0227030672664
0.1779766733216
0.12365219216
0.055166200952
0.0863911698248
-0.0971280710224
-0.216649668108
0.0746672967536
0.227928884988
0.0367098067112
-0.093413576584
0.0223935260632
0.0163574726008
-0.1008038728104
-0.0891960776904
-0.0720552335632
-0.0917110999664
-0.0881126834792
0.0339626285328
0.0738547510952
0.0444870294416
-0.0324339595536
-0.1847669241784
-0.1456099619736
-0.06981105984
0.035239485996
0.0976894237416
-0.0187754539624
-0.1385292069504
-0.0835856433824
0.1325128091016
0.1703155285424
0.083411835744
0.081864129728
-0.0021763069408
-0.1948270132824
-0.0798324562936
0.1889266933848
0.1164553591856
-0.0698884451408
-0.023960269116
0.0653810606576
-0.0283325386112
-0.1160100844176
-0.1034349730376
-0.1114830443208
-0.0874936010728
0.0130299046664
0.0631368869344
0.0908408246208
0.0279652677208
-0.1800464208296
-0.215682351848
-0.0936844251368
0.0281587309728
0.0956774059208
0.0108244235936
-0.0959672915104
-0.1082328616872
0.0401534525968
0.1794856866872
0.1109610028288
0.0788847956472
0.0156223122432
-0.1610096368328
-0.0586288838744
0.1587851187232
0.1191638447136
-0.0939165810392
-0.059557507484
0.0748607600056
0.00459490687920001
-0.0410237279424
-0.0764661957088
-0.1285078104968
-0.1586493851584
-0.0424553560072
0.0529994125296
0.074705989404
0.1109223101784
-0.0883448393816
-0.2082533629712
-0.1547027348176
-0.066522184556
0.0983858914488
0.0531541831312
-0.089931238048
-0.0997204785992
0.0318732254112
0.146287392644
0.120943706632
0.0848047711584
0.0544697332448
-0.129204278204
-0.1752098395296
0.1218723302416
0.2266907201752
0.00424667302560001
-0.1170934786288
0.00652953939920001
0.0164348579016
-0.0737190175304
-0.0441191399744
-0.0560364762976
-0.1388387481536
-0.0891960776904
0.0282361162736
0.0504456976032
0.078381791192
-0.014867496272
-0.1828709843088
-0.1569082158904
-0.0927944941776
0.0515677844648
0.1090650629592
-0.0485687947704
-0.1417020042832
-0.0716683070592
0.1268249894928
0.1602941320888
0.0959482544736
0.1180804505024
-0.038663476268
-0.221099322904
-0.0273265297008
0.2082730185848
0.0994305930096
-0.104440981948
-0.0155252713288
0.0633303501864
-0.052012440656
-0.068069890572
-0.0570811778584
-0.133460469748
-0.131332373976
0.0152740783896
0.0544697332448
0.0795038780536
0.0438679470352
-0.1504465432736
-0.1746294497736
-0.13075198422
-0.0127780931504
0.122104486144
0.0034341273672
-0.1496726902656
-0.1043249039968
0.1036867845536
0.1934150408312
0.0966060295304
0.074899452656
0.0220452922096
-0.1916155232992
-0.1036284362896
0.1852508915968
0.171631078656
-0.0695402112872
-0.09592859886
0.0637946619912
0.01337813852
-0.0820766300168
-0.0701592936936
-0.0977858460792
-0.1391482893568
-0.0302671711312
0.0434810205312
0.0837600695976
0.0791943368504
-0.1367880376824
-0.1890231157224
-0.1130694429872
-0.0247728147744
0.1070917377888
0.0259145572496
-0.1403477615192
-0.1396126011616
0.032337537216
0.1850574283448
0.1619192234056
0.095213094116
0.0458025795552
-0.175828921936
-0.1791564898704
0.1529425285128
0.2071896243736
-0.0344846700248
-0.096315525364
0.0516451697656
0.0399212966944
-0.0624981489144
-0.0586675765248
-0.0974376122256
-0.184341305024
-0.0689211288808
0.0475050561728
0.075092915908
0.1275988425008
-0.0417588883
-0.2345643652432
-0.1754806880824
-0.076969200164
0.07238443038
0.1307329471832
-0.054720926184
-0.1786534854152
-0.05723594846
0.1241551966152
0.140676958336
0.1261285217856
0.123265265656
-0.0607569796464
-0.2252394364968
-0.00109291272959999
0.2367895019296
0.0588033100896
-0.1296298973584
-0.00596818668
0.073738673144
-0.01660866554
-0.0669864963608
-0.067102574312
-0.1440622559576
-0.145455191372
-0.0080575898016
0.07044979786
0.1193573079656
0.0372515038168
-0.1478541356968
-0.1950978618352
-0.1307906768704
-0.0052330263224
0.0987728179528
0.0344269403376
-0.131332373976
-0.1265344853264
0.0875906419872
0.183238873776
0.1212919404856
0.0767566998752
-0.0014798392336
-0.163834200312
-0.1016938037696
0.1676844283152
0.1781314439232
-0.0824248638704
-0.0939165810392
0.0746672967536
0.0231286864208
-0.0629624607192
-0.0745315631888
-0.1281982692936
-0.1380262024952
-0.0314666432936
0.0246763924368
0.1310424883864
0.0998175195136
-0.1449521869168
-0.20716996876
-0.1563665187848
-0.0128941711016
0.1025260050416
0.0245216218352
-0.0787490620824
-0.14526172812
-0.0069741955904
0.1782862145248
0.137581546304
0.1105740763248
0.0427071675232
-0.1637568150112
-0.0917110999664
0.1320484972968
0.1374267757024
-0.0641619328816
-0.1029319685824
0.0846113079064
0.0662709916168
-0.0170342846944
-0.0476014785104
-0.1550122760208
-0.2142894164336
-0.062846382768
0.032337537216
0.1167262077384
0.172404931664
-0.0730225498232
-0.2209832449528
-0.204074556728
-0.1127212091336
0.1170357489416
0.1086394438048
-0.0995657079976
-0.1224717570344
-0.0152157301256
0.1073625863416
0.1396322567752
0.0880936464424
0.1039963257568
-0.0799872268952
-0.1973807282088
0.0882871096944
0.2314499161744
0.00815463071600001
-0.1836835299672
-0.0090249060616
0.1113866219832
-0.0041883247616
-0.0466341622504
-0.0490331065752
-0.1682064698072
-0.1581850733536
-0.0154091933776
0.0501361564
0.1525169093584
0.048975376888
-0.1799690355288
-0.1727722025544
-0.118950725848
-0.0085605942568
0.114559419316
-0.0259335942864
-0.1609709441824
-0.072132618864
0.0955613279696
0.1838966488328
0.126747604192
0.0798134192568
-0.0148288036216
-0.2139798752304
-0.0761179618552
0.2346227135072
0.1512400518952
-0.1194150376528
-0.0763501177576
0.0699854860552
0.0272301073632
-0.0583193426712
-0.0699271377912
-0.1198019641568
-0.1456873472744
-0.0572746411104
0.0287778133792
0.152478216708
0.090376512816
-0.1341956301056
-0.2245429687896
-0.1446039530632
-0.0079802045008
0.084185688752
0.0435970984824
-0.1275018015864
-0.1383744363488
0.036400265508
0.1484541810664
0.1577791098128
0.1179643725512
-0.0041883247616
-0.1401156056168
-0.0882287614304
0.1229557244528
0.1706250697456
-0.0987918549896
-0.09205933382
0.1081364393496
0.0574490673256
-0.0174985964992
-0.0931427280312
-0.162093031044
-0.1608935588816
-0.0586675765248
0.0208071273968
0.170470299144
0.1271732233464
-0.1268440265296
-0.2091819865808
-0.19556217364
-0.010030914972
0.095793483872
0.0329953122728
-0.0892734629912
-0.1596167014184
-0.0087927501592
0.1348343681256
0.1615322969016
0.1342539783696
0.043945332336
-0.166736149092
-0.1363237258776
0.1374267757024
0.2017339606672
-0.0446221444296
-0.139070904056
0.0851143123616
0.056713906968
-0.04756278586
-0.0352972156832
-0.1100127236056
-0.1870110979016
-0.0680311979216
0.00745816300880001
0.086507247776
0.1640086265272
-0.0686115876776
-0.2030298551672
-0.1957169442416
-0.0832761021792
0.1096067600648
0.0997014415624
-0.0756149574
-0.1924280689576
-0.0838564919352
0.0972638045872
0.16911605638
0.1481446398632
0.1380458581088
-0.073293398376
-0.2282187705776
0.0131459826176
0.2035912078864
0.0678573902832
-0.1488988372576
0.00892848372400001
0.1310811810368
0.00413059507440001
-0.0666769551576
-0.087609679024
-0.1769510087976
-0.1660783740352
-0.0157574272312
0.0854625462152
0.2056032257072
0.0477372120752
-0.1855794698368
-0.2267484498624
-0.1733912849608
-9.51851839999657e-06
0.1371172344992
0.0535024169848
-0.1314097592768
-0.132880079992
0.00753554830960001
0.14493314988
0.121137169884
0.1027194682936
0.059615855748
-0.1439848706568
-0.0825022491712
0.148995878172
0.1395548714744
-0.1409668439256
-0.0934522692344
0.1334801253616
0.08592685802
-0.0176146744504
-0.1091614852968
-0.16170610454
-0.1581850733536
-0.0622273003616
0.0172087109096
0.1889653860352
0.1255481320296
-0.1523037904928
-0.2262454454072
-0.1607000956296
-0.0025245407944
0.0718427332744
0.0360520316544
-0.0997978639
-0.1339247815528
-0.0140549506136
0.115333272324
0.1737978670784
0.1233426509568
0.0366711140608
-0.1496726902656
-0.1047505231512
0.1437336777176
0.1614162189504
-0.0958125209088
-0.0891186923896
0.1140177222104
0.0415463880112
-0.0049234851192
-0.0705462201976
-0.1554765878256
-0.1619382604424
-0.0690758994824
0.0063747687976
0.1544515418784
0.1638538559256
-0.1153523093608
-0.2108070778976
-0.2186229932784
-0.052205903908
0.1154880429256
0.0572556040736
-0.0671412669624
-0.1356272581704
-0.0477175564616
0.0492462254408
0.1415668892952
0.145707002888
0.0964125662784
-0.078323442928
-0.15203294194
0.0802777310616
0.2036299005368
-0.028990313668
-0.199624901932
0.0596545483984
0.1241938892656
0.0213875171528
-0.0170342846944
-0.0997978639
-0.202526850712
-0.163253810556
-0.039437329276
0.1011330696272
0.2289735865488
0.00494314073280001
-0.1648402092224
-0.2047710244352
-0.1627894987512
0.0185242610232
0.0726552789328
0.0076129336104
-0.1235551512456
-0.0799872268952
0.0511808579608
0.1251612055256
0.1318937266952
0.0949035529128
-0.0216774027424
-0.1666200711408
-0.0059294940296
0.2071122390728
0.1029903168464
-0.1656914475312
-0.0491491845264
0.1059696509272
0.0247537777376
-0.00983745172
-0.086448899512
-0.1433657882504
-0.1327253093904
-0.065361405044
0.0275783412168
0.1828132546216
0.0564817510656
-0.1574112203456
-0.1680516992056
-0.14913099316
0.00718731445600001
0.0691342477464
0.0028150449608
-0.122239601132
-0.1380648951456
0.0177504080152
0.1172292121936
0.1688839004776
0.1435015218152
0.0116756619024
-0.1493631490624
-0.0863715142112
0.1340218224672
0.1459391587904
-0.1089680220448
-0.0488396433232
0.1244647378184
0.0346977888904
-0.006742039688
-0.1047892158016
-0.1574112203456
-0.136362418528
-0.0702753716448
0.022664374616
0.1706250697456
0.1181578358032
-0.1273470309848
-0.182600135756
-0.1808976591384
-0.0313892579928
0.06174395152
0.0078450895128
-0.0641619328816
-0.112179512028
-0.0258175163352
0.0688633991936
0.126360677688
0.1325901944024
0.0772983969808
-0.120691895116
-0.0914015587632
0.1396709494256
0.1407156509864
-0.1050987570048
-0.1159713917672
0.133131891508
0.0581455350328
0.0180986418688
-0.0315440285944
-0.170025024376
-0.1682451624576
-0.0989079329408
-0.0035305497048
0.1268636821432
0.159055967276
-0.0741059440344
-0.1760610778384
-0.1635633517592
-0.0856363538536
0.0566752143176
0.0290099692816
-0.0695015186368
-0.1262636367736
-0.0511225096968
0.0396504481416
0.1124700161944
0.1717858492576
0.1317002634432
-0.0675281934664
-0.1731978217088
0.0450674191976
0.1772802056144
-0.0200136187752
-0.117983409588
0.0893318112552
0.1059696509272
0.000493485936800007
-0.0573133337608
-0.1311002180736
-0.1541997303624
-0.1093162558984
-0.0282938459608
0.0955613279696
0.1734883258752
-0.0171116699952
-0.1730430511072
-0.183760915268
-0.1133789841904
0.0204588935432
0.0678186976328
0.000493485936800007
-0.1169774006776
-0.1060273806144
-0.0239215764656
0.0735839025424
0.1569665641544
0.1597911276336
0.0442161808888
-0.124174233652
-0.0571972558096
0.1345635195728
0.02498593364
-0.1472350532904
0.0594997777968
0.1381232434096
0.0382575127272
-0.0087540575088
-0.1187959552464
-0.1573725276952
-0.151646015436
-0.0975923828272
0.0572169114232
0.1877272212224
0.0698307154536
-0.1042088260456
-0.1680516992056
-0.1447974163152
-0.0488009506728
-0.0219482512952
-0.0049234851192
-0.0349102891792
-0.070197986344
0.00606522759440001
0.0298999002408
0.0817480517768
0.1624222278608
0.0403082231984
-0.0823474785696
-0.016802128792
0.1149850384704
0.047621134124
-0.1473511312416
0.0183694904216
0.1376202389544
0.0215809804048
0.0131072899672
-0.0649357858896
-0.1501756947208
-0.1359367993736
-0.1147719196048
0.0121399737072
0.1714763080544
0.0493236107416
-0.080064612196
-0.1147332269544
-0.1571403717928
-0.0340590508704
0.0148097665848
-0.0502325787376
-0.0683407391248
-0.0834695654312
-0.0109208459312
0.0457251942544
0.058068149732
0.1599845908856
0.1241551966152
-0.0718230776608
-0.0917110999664
0.0639881252432
0.112237860292
-0.1011134140136
-0.0753441088472
0.1644342456816
0.0915759849784
-0.0222964851488
-0.0572746411104
-0.1191054964496
-0.1590363116624
-0.113920681296
-0.0401724896336
0.1258963658832
0.1471773236032
-0.049303955128
-0.1163970109216
-0.1449521869168
-0.1090454073456
-0.0182724495072
-0.0099535296712
